,year,cmdt_zone,cmdt_sector,adm3_pcode,crop_name,crop_season,production_mtha,planted_areas_ha,matyield.kg.ha
0,1990,Bougouni,Bougouni,ML030122,maize,rainy_season-June_October,7838.0,4652.0,1685.0
1,1991,Bougouni,Bougouni,ML030122,maize,rainy_season-June_October,5257.0,3738.0,1406.0
2,1992,Bougouni,Bougouni,ML030122,maize,rainy_season-June_October,8462.0,4584.0,1846.0
3,1993,Bougouni,Bougouni,ML030122,maize,rainy_season-June_October,8064.0,4392.0,1836.0
4,1994,Bougouni,Bougouni,ML030122,maize,rainy_season-June_October,9273.0,4779.0,1940.0
5,1995,Bougouni,Bougouni,ML030122,maize,rainy_season-June_October,8198.0,5005.0,1638.0
6,1996,Bougouni,Bougouni,ML030122,maize,rainy_season-June_October,9130.0,5143.0,1775.0
7,1997,Bougouni,Bougouni,ML030122,maize,rainy_season-June_October,13546.0,7402.0,1830.0
8,1998,Bougouni,Bougouni,ML030122,maize,rainy_season-June_October,16372.0,8409.0,1947.0
9,1999,Bougouni,Bougouni,ML030122,maize,rainy_season-June_October,23389.0,8064.0,2778.0
10,2000,Bougouni,Bougouni,ML030122,maize,rainy_season-June_October,,,2002.0
11,2001,Bougouni,Bougouni,ML030122,maize,rainy_season-June_October,,,1783.0
12,2002,Bougouni,Bougouni,ML030122,maize,rainy_season-June_October,,,2047.0
13,2003,Bougouni,Bougouni,ML030122,maize,rainy_season-June_October,,,2208.0
14,2004,Bougouni,Bougouni,ML030122,maize,rainy_season-June_October,,,1737.0
15,2005,Bougouni,Bougouni,ML030122,maize,rainy_season-June_October,,,2015.0
16,2006,Bougouni,Bougouni,ML030122,maize,rainy_season-June_October,,,1730.0
17,2007,Bougouni,Bougouni,ML030122,maize,rainy_season-June_October,,,1994.0
18,2008,Bougouni,Bougouni,ML030122,maize,rainy_season-June_October,,,1897.0
19,2009,Bougouni,Bougouni,ML030122,maize,rainy_season-June_October,,,2039.0
20,2010,Bougouni,Bougouni,ML030122,maize,rainy_season-June_October,,,2261.0
21,2011,Bougouni,Bougouni,ML030122,maize,rainy_season-June_October,,,1923.0
22,2012,Bougouni,Bougouni,ML030122,maize,rainy_season-June_October,,,2177.0
23,2013,Bougouni,Bougouni,ML030122,maize,rainy_season-June_October,,,2169.0
24,2014,Bougouni,Bougouni,ML030122,maize,rainy_season-June_October,,,2280.0
25,2015,Bougouni,Bougouni,ML030122,maize,rainy_season-June_October,,,2320.0
26,2016,Bougouni,Bougouni,ML030122,maize,rainy_season-June_October,,,2450.0
27,2017,Bougouni,Bougouni,ML030122,maize,rainy_season-June_October,,,2346.635071
28,1990,Bougouni,Dogo,ML030120,maize,rainy_season-June_October,0.0,0.0,
29,1991,Bougouni,Dogo,ML030120,maize,rainy_season-June_October,0.0,0.0,
30,1992,Bougouni,Dogo,ML030120,maize,rainy_season-June_October,0.0,0.0,
31,1993,Bougouni,Dogo,ML030120,maize,rainy_season-June_October,0.0,0.0,
32,1994,Bougouni,Dogo,ML030120,maize,rainy_season-June_October,0.0,0.0,
33,1995,Bougouni,Dogo,ML030120,maize,rainy_season-June_October,0.0,0.0,
34,1996,Bougouni,Dogo,ML030120,maize,rainy_season-June_October,3049.0,1722.0,1770.615563
35,1997,Bougouni,Dogo,ML030120,maize,rainy_season-June_October,3862.0,2284.0,1690.89317
36,1998,Bougouni,Dogo,ML030120,maize,rainy_season-June_October,4616.0,2510.0,1839.0
37,1999,Bougouni,Dogo,ML030120,maize,rainy_season-June_October,5281.0,9454.0,2150.02116
38,2000,Bougouni,Dogo,ML030120,maize,rainy_season-June_October,,,1552.0
39,2001,Bougouni,Dogo,ML030120,maize,rainy_season-June_October,,,1800.0
40,2002,Bougouni,Dogo,ML030120,maize,rainy_season-June_October,,,1124.0
41,2003,Bougouni,Dogo,ML030120,maize,rainy_season-June_October,,,1906.0
42,2004,Bougouni,Dogo,ML030120,maize,rainy_season-June_October,,,1749.0
43,2005,Bougouni,Dogo,ML030120,maize,rainy_season-June_October,,,1837.0
44,2006,Bougouni,Dogo,ML030120,maize,rainy_season-June_October,,,1845.0
45,2007,Bougouni,Dogo,ML030120,maize,rainy_season-June_October,,,2085.0
46,2008,Bougouni,Dogo,ML030120,maize,rainy_season-June_October,,,2066.0
47,2009,Bougouni,Dogo,ML030120,maize,rainy_season-June_October,,,2033.0
48,2010,Bougouni,Dogo,ML030120,maize,rainy_season-June_October,,,2298.0
49,2011,Bougouni,Dogo,ML030120,maize,rainy_season-June_October,,,2130.0
50,2012,Bougouni,Dogo,ML030120,maize,rainy_season-June_October,,,2105.0
51,2013,Bougouni,Dogo,ML030120,maize,rainy_season-June_October,,,2249.0
52,2014,Bougouni,Dogo,ML030120,maize,rainy_season-June_October,,,2791.0
53,2015,Bougouni,Dogo,ML030120,maize,rainy_season-June_October,,,2784.0
54,2016,Bougouni,Dogo,ML030120,maize,rainy_season-June_October,,,2432.0
55,2017,Bougouni,Dogo,ML030120,maize,rainy_season-June_October,,,2220.0
56,1990,Bougouni,Garalo,ML030122,maize,rainy_season-June_October,0.0,0.0,
57,1991,Bougouni,Garalo,ML030122,maize,rainy_season-June_October,2280.0,1552.0,1469.0
58,1992,Bougouni,Garalo,ML030122,maize,rainy_season-June_October,4400.0,2014.0,2185.0
59,1993,Bougouni,Garalo,ML030122,maize,rainy_season-June_October,4127.0,2486.0,1660.0
60,1994,Bougouni,Garalo,ML030122,maize,rainy_season-June_October,5616.0,2992.0,1877.0
61,1995,Bougouni,Garalo,ML030122,maize,rainy_season-June_October,5917.0,3381.0,1750.0
62,1996,Bougouni,Garalo,ML030122,maize,rainy_season-June_October,7195.0,4265.0,1687.0
63,1997,Bougouni,Garalo,ML030122,maize,rainy_season-June_October,9448.0,4850.0,1948.0
64,1998,Bougouni,Garalo,ML030122,maize,rainy_season-June_October,10706.0,5614.0,1907.0
65,1999,Bougouni,Garalo,ML030122,maize,rainy_season-June_October,16558.0,7585.0,2183.0
66,2000,Bougouni,Garalo,ML030122,maize,rainy_season-June_October,,,2011.0
67,2001,Bougouni,Garalo,ML030122,maize,rainy_season-June_October,,,1981.0
68,2002,Bougouni,Garalo,ML030122,maize,rainy_season-June_October,,,1907.0
69,2003,Bougouni,Garalo,ML030122,maize,rainy_season-June_October,,,2075.0
70,2004,Bougouni,Garalo,ML030122,maize,rainy_season-June_October,,,2090.0
71,2005,Bougouni,Garalo,ML030122,maize,rainy_season-June_October,,,2659.0
72,2006,Bougouni,Garalo,ML030122,maize,rainy_season-June_October,,,2300.0
73,2007,Bougouni,Garalo,ML030122,maize,rainy_season-June_October,,,1974.0
74,2008,Bougouni,Garalo,ML030122,maize,rainy_season-June_October,,,1735.0
75,2009,Bougouni,Garalo,ML030122,maize,rainy_season-June_October,,,2102.0
76,2010,Bougouni,Garalo,ML030122,maize,rainy_season-June_October,,,2246.0
77,2011,Bougouni,Garalo,ML030122,maize,rainy_season-June_October,,,2089.0
78,2012,Bougouni,Garalo,ML030122,maize,rainy_season-June_October,,,2273.0
79,2013,Bougouni,Garalo,ML030122,maize,rainy_season-June_October,,,2286.0
80,2014,Bougouni,Garalo,ML030122,maize,rainy_season-June_October,,,2489.0
81,2015,Bougouni,Garalo,ML030122,maize,rainy_season-June_October,,,2421.0
82,2016,Bougouni,Garalo,ML030122,maize,rainy_season-June_October,,,2572.0
83,2017,Bougouni,Garalo,ML030122,maize,rainy_season-June_October,,,2308.0
84,1990,Bougouni,kolondieba,,maize,rainy_season-June_October,,,1643.0
85,1991,Bougouni,kolondieba,,maize,rainy_season-June_October,,,1410.0
86,1992,Bougouni,kolondieba,,maize,rainy_season-June_October,,,1305.0
87,1993,Bougouni,kolondieba,,maize,rainy_season-June_October,,,1737.0
88,1994,Bougouni,kolondieba,,maize,rainy_season-June_October,,,1709.0
89,1995,Bougouni,kolondieba,,maize,rainy_season-June_October,,,1982.0
90,1996,Bougouni,kolondieba,,maize,rainy_season-June_October,,,1849.0
91,1997,Bougouni,kolondieba,,maize,rainy_season-June_October,,,1963.0
92,1998,Bougouni,kolondieba,,maize,rainy_season-June_October,,,1817.0
93,1999,Bougouni,kolondieba,,maize,rainy_season-June_October,,,1850.0
94,2000,Bougouni,kolondieba,,maize,rainy_season-June_October,,,1672.0
95,2001,Bougouni,kolondieba,,maize,rainy_season-June_October,,,2000.0
96,2002,Bougouni,kolondieba,,maize,rainy_season-June_October,,,1562.0
97,2003,Bougouni,kolondieba,,maize,rainy_season-June_October,,,1799.0
98,2004,Bougouni,kolondieba,,maize,rainy_season-June_October,,,1874.0
99,2005,Bougouni,kolondieba,,maize,rainy_season-June_October,,,1835.0
100,2006,Bougouni,kolondieba,,maize,rainy_season-June_October,,,2141.0
101,2007,Bougouni,kolondieba,,maize,rainy_season-June_October,,,2003.0
102,2008,Bougouni,kolondieba,,maize,rainy_season-June_October,,,1973.0
103,2009,Bougouni,kolondieba,,maize,rainy_season-June_October,,,2034.0
104,2010,Bougouni,kolondieba,,maize,rainy_season-June_October,,,2180.0
105,2011,Bougouni,kolondieba,,maize,rainy_season-June_October,,,2354.0
106,2012,Bougouni,kolondieba,,maize,rainy_season-June_October,,,2366.0
107,2013,Bougouni,kolondieba,,maize,rainy_season-June_October,,,2395.0
108,2014,Bougouni,kolondieba,,maize,rainy_season-June_October,,,2497.0
109,2015,Bougouni,kolondieba,,maize,rainy_season-June_October,,,2660.0
110,2016,Bougouni,kolondieba,,maize,rainy_season-June_October,,,2526.0
111,2017,Bougouni,kolondieba,,maize,rainy_season-June_October,,,2454.0
112,1990,Bougouni,Koumantou,ML030122,maize,rainy_season-June_October,7244.0,3819.0,1897.0
113,1991,Bougouni,Koumantou,ML030122,maize,rainy_season-June_October,5510.0,3800.0,1450.0
114,1992,Bougouni,Koumantou,ML030122,maize,rainy_season-June_October,6002.0,3983.0,1507.0
115,1993,Bougouni,Koumantou,ML030122,maize,rainy_season-June_October,6686.0,4350.0,1537.011494
116,1994,Bougouni,Koumantou,ML030122,maize,rainy_season-June_October,8082.0,4236.0,1907.932011
117,1995,Bougouni,Koumantou,ML030122,maize,rainy_season-June_October,7557.0,4348.0,1738.040478
118,1996,Bougouni,Koumantou,ML030122,maize,rainy_season-June_October,9295.0,5163.0,1800.309897
119,1997,Bougouni,Koumantou,ML030122,maize,rainy_season-June_October,12801.0,7374.0,1735.964199
120,1998,Bougouni,Koumantou,ML030122,maize,rainy_season-June_October,17806.0,8112.0,2195.0
121,1999,Bougouni,Koumantou,ML030122,maize,rainy_season-June_October,20322.0,3215.5,1642.10199
122,2000,Bougouni,Koumantou,ML030122,maize,rainy_season-June_October,,,1524.0
123,2001,Bougouni,Koumantou,ML030122,maize,rainy_season-June_October,,,2200.0
124,2002,Bougouni,Koumantou,ML030122,maize,rainy_season-June_October,,,1342.0
125,2003,Bougouni,Koumantou,ML030122,maize,rainy_season-June_October,,,2056.0
126,2004,Bougouni,Koumantou,ML030122,maize,rainy_season-June_October,,,1941.0
127,2005,Bougouni,Koumantou,ML030122,maize,rainy_season-June_October,,,2525.0
128,2006,Bougouni,Koumantou,ML030122,maize,rainy_season-June_October,,,2758.0
129,2007,Bougouni,Koumantou,ML030122,maize,rainy_season-June_October,,,2103.0
130,2008,Bougouni,Koumantou,ML030122,maize,rainy_season-June_October,,,1694.0
131,2009,Bougouni,Koumantou,ML030122,maize,rainy_season-June_October,,,2384.0
132,2010,Bougouni,Koumantou,ML030122,maize,rainy_season-June_October,,,2094.0
133,2011,Bougouni,Koumantou,ML030122,maize,rainy_season-June_October,,,1930.0
134,2012,Bougouni,Koumantou,ML030122,maize,rainy_season-June_October,,,2054.0
135,2013,Bougouni,Koumantou,ML030122,maize,rainy_season-June_October,,,2136.0
136,2014,Bougouni,Koumantou,ML030122,maize,rainy_season-June_October,,,2494.0
137,2015,Bougouni,Koumantou,ML030122,maize,rainy_season-June_October,,,2523.0
138,2016,Bougouni,Koumantou,ML030122,maize,rainy_season-June_October,,,2585.0
139,2017,Bougouni,Koumantou,ML030122,maize,rainy_season-June_October,,,2416.0
140,1990,Bougouni,Yanfolila,ML030122,maize,rainy_season-June_October,10361.0,6175.0,1678.0
141,1991,Bougouni,Yanfolila,ML030122,maize,rainy_season-June_October,11700.0,7580.0,1544.0
142,1992,Bougouni,Yanfolila,ML030122,maize,rainy_season-June_October,17682.0,9476.0,1866.0
143,1993,Bougouni,Yanfolila,ML030122,maize,rainy_season-June_October,17964.0,10015.0,1793.709436
144,1994,Bougouni,Yanfolila,ML030122,maize,rainy_season-June_October,18015.0,10081.0,1787.025097
145,1995,Bougouni,Yanfolila,ML030122,maize,rainy_season-June_October,22242.0,11182.0,1989.089608
146,1996,Bougouni,Yanfolila,ML030122,maize,rainy_season-June_October,21088.0,11587.0,1819.970657
147,1997,Bougouni,Yanfolila,ML030122,maize,rainy_season-June_October,32435.0,14339.0,2262.012693
148,1998,Bougouni,Yanfolila,ML030122,maize,rainy_season-June_October,32936.0,15150.0,2174.0
149,1999,Bougouni,Yanfolila,ML030122,maize,rainy_season-June_October,36387.0,17966.0,2066.034522
150,2000,Bougouni,Yanfolila,ML030122,maize,rainy_season-June_October,,,1994.0
151,2001,Bougouni,Yanfolila,ML030122,maize,rainy_season-June_October,,,2134.0
152,2002,Bougouni,Yanfolila,ML030122,maize,rainy_season-June_October,,,1691.0
153,2003,Bougouni,Yanfolila,ML030122,maize,rainy_season-June_October,,,1637.0
154,2004,Bougouni,Yanfolila,ML030122,maize,rainy_season-June_October,,,1877.0
155,2005,Bougouni,Yanfolila,ML030122,maize,rainy_season-June_October,,,2185.0
156,2006,Bougouni,Yanfolila,ML030122,maize,rainy_season-June_October,,,2041.0
157,2007,Bougouni,Yanfolila,ML030122,maize,rainy_season-June_October,,,2362.0
158,2008,Bougouni,Yanfolila,ML030122,maize,rainy_season-June_October,,,1660.0
159,2009,Bougouni,Yanfolila,ML030122,maize,rainy_season-June_October,,,2222.0
160,2010,Bougouni,Yanfolila,ML030122,maize,rainy_season-June_October,,,2011.0
161,2011,Bougouni,Yanfolila,ML030122,maize,rainy_season-June_October,,,1918.0
162,2012,Bougouni,Yanfolila,ML030122,maize,rainy_season-June_October,,,2047.0
163,2013,Bougouni,Yanfolila,ML030122,maize,rainy_season-June_October,,,2185.0
164,2014,Bougouni,Yanfolila,ML030122,maize,rainy_season-June_October,,,2492.0
165,2015,Bougouni,Yanfolila,ML030122,maize,rainy_season-June_October,,,2367.0
166,2016,Bougouni,Yanfolila,ML030122,maize,rainy_season-June_October,,,2295.0
167,2017,Bougouni,Yanfolila,ML030122,maize,rainy_season-June_October,,,2317.0
168,1990,Fana,Beleko,ML020201,maize,rainy_season-June_October,8284.0,4388.0,1888.0
169,1991,Fana,Beleko,ML020201,maize,rainy_season-June_October,9598.0,5075.0,1891.0
170,1992,Fana,Beleko,ML020201,maize,rainy_season-June_October,10445.0,5469.0,1910.0
171,1993,Fana,Beleko,ML020201,maize,rainy_season-June_October,11230.0,5929.0,1894.079946
172,1994,Fana,Beleko,ML020201,maize,rainy_season-June_October,14259.0,6461.0,2206.933911
173,1995,Fana,Beleko,ML020201,maize,rainy_season-June_October,11500.0,6650.0,1729.323308
174,1996,Fana,Beleko,ML020201,maize,rainy_season-June_October,15486.0,7790.0,1987.933248
175,1997,Fana,Beleko,ML020201,maize,rainy_season-June_October,20109.0,10123.0,1986.466463
176,1998,Fana,Beleko,ML020201,maize,rainy_season-June_October,17178.0,10093.0,1702.0
177,1999,Fana,Beleko,ML020201,maize,rainy_season-June_October,20879.0,9482.0,2201.961611
178,2000,Fana,Beleko,ML020201,maize,rainy_season-June_October,,,1577.0
179,2001,Fana,Beleko,ML020201,maize,rainy_season-June_October,,,2262.0
180,2002,Fana,Beleko,ML020201,maize,rainy_season-June_October,,,977.0
181,2003,Fana,Beleko,ML020201,maize,rainy_season-June_October,,,2062.0
182,2004,Fana,Beleko,ML020201,maize,rainy_season-June_October,,,1847.0
183,2005,Fana,Beleko,ML020201,maize,rainy_season-June_October,,,1904.0
184,2006,Fana,Beleko,ML020201,maize,rainy_season-June_October,,,2114.0
185,2007,Fana,Beleko,ML020201,maize,rainy_season-June_October,,,1526.0
186,2008,Fana,Beleko,ML020201,maize,rainy_season-June_October,,,2035.0
187,2009,Fana,Beleko,ML020201,maize,rainy_season-June_October,,,2125.0
188,2010,Fana,Beleko,ML020201,maize,rainy_season-June_October,,,2147.0
189,2011,Fana,Beleko,ML020201,maize,rainy_season-June_October,,,2182.0
190,2012,Fana,Beleko,ML020201,maize,rainy_season-June_October,,,2150.0
191,2013,Fana,Beleko,ML020201,maize,rainy_season-June_October,,,2105.0
192,2014,Fana,Beleko,ML020201,maize,rainy_season-June_October,,,2298.0
193,2015,Fana,Beleko,ML020201,maize,rainy_season-June_October,,,2415.0
194,2016,Fana,Beleko,ML020201,maize,rainy_season-June_October,,,2266.0
195,2017,Fana,Beleko,ML020201,maize,rainy_season-June_October,,,2414.0
196,1990,Fana,Dioila,ML020220,maize,rainy_season-June_October,8112.0,3674.0,2208.0
197,1991,Fana,Dioila,ML020220,maize,rainy_season-June_October,10300.0,4147.0,2484.0
198,1992,Fana,Dioila,ML020220,maize,rainy_season-June_October,9246.0,4637.0,1994.0
199,1993,Fana,Dioila,ML020220,maize,rainy_season-June_October,9096.0,5059.0,1797.983791
200,1994,Fana,Dioila,ML020220,maize,rainy_season-June_October,10667.0,5206.0,2048.981944
201,1995,Fana,Dioila,ML020220,maize,rainy_season-June_October,12000.0,5787.0,2073.613271
202,1996,Fana,Dioila,ML020220,maize,rainy_season-June_October,13800.0,7117.0,1939.01925
203,1997,Fana,Dioila,ML020220,maize,rainy_season-June_October,17045.0,9191.0,1854.531607
204,1998,Fana,Dioila,ML020220,maize,rainy_season-June_October,15798.0,9776.0,1616.0
205,1999,Fana,Dioila,ML020220,maize,rainy_season-June_October,17767.0,10445.0,1701.005266
206,2000,Fana,Dioila,ML020220,maize,rainy_season-June_October,,,1264.0
207,2001,Fana,Dioila,ML020220,maize,rainy_season-June_October,,,1644.0
208,2002,Fana,Dioila,ML020220,maize,rainy_season-June_October,,,1265.0
209,2003,Fana,Dioila,ML020220,maize,rainy_season-June_October,,,1748.0
210,2004,Fana,Dioila,ML020220,maize,rainy_season-June_October,,,1457.0
211,2005,Fana,Dioila,ML020220,maize,rainy_season-June_October,,,1672.0
212,2006,Fana,Dioila,ML020220,maize,rainy_season-June_October,,,1854.0
213,2007,Fana,Dioila,ML020220,maize,rainy_season-June_October,,,1712.0
214,2008,Fana,Dioila,ML020220,maize,rainy_season-June_October,,,1838.0
215,2009,Fana,Dioila,ML020220,maize,rainy_season-June_October,,,1897.0
216,2010,Fana,Dioila,ML020220,maize,rainy_season-June_October,,,1897.0
217,2011,Fana,Dioila,ML020220,maize,rainy_season-June_October,,,1844.0
218,2012,Fana,Dioila,ML020220,maize,rainy_season-June_October,,,1923.0
219,2013,Fana,Dioila,ML020220,maize,rainy_season-June_October,,,1910.0
220,2014,Fana,Dioila,ML020220,maize,rainy_season-June_October,,,2097.0
221,2015,Fana,Dioila,ML020220,maize,rainy_season-June_October,,,1963.0
222,2016,Fana,Dioila,ML020220,maize,rainy_season-June_October,,,2028.0
223,2017,Fana,Dioila,ML020220,maize,rainy_season-June_October,,,2240.0
224,1990,Fana,Konobougou,ML020601,maize,rainy_season-June_October,2539.0,1806.0,1406.0
225,1991,Fana,Konobougou,ML020601,maize,rainy_season-June_October,4976.0,2304.0,2160.0
226,1992,Fana,Konobougou,ML020601,maize,rainy_season-June_October,5096.0,2874.0,1773.0
227,1993,Fana,Konobougou,ML020601,maize,rainy_season-June_October,6216.0,3545.0,1753.455571
228,1994,Fana,Konobougou,ML020601,maize,rainy_season-June_October,8217.0,4016.0,2046.065737
229,1995,Fana,Konobougou,ML020601,maize,rainy_season-June_October,11055.0,4675.0,2364.705882
230,1996,Fana,Konobougou,ML020601,maize,rainy_season-June_October,9122.0,5759.0,1583.955548
231,1997,Fana,Konobougou,ML020601,maize,rainy_season-June_October,13781.0,7504.0,1836.487207
232,1998,Fana,Konobougou,ML020601,maize,rainy_season-June_October,16736.0,9165.0,1826.0
233,1999,Fana,Konobougou,ML020601,maize,rainy_season-June_October,18215.0,9303.0,1957.970547
234,2000,Fana,Konobougou,ML020601,maize,rainy_season-June_October,,,1827.0
235,2001,Fana,Konobougou,ML020601,maize,rainy_season-June_October,,,1958.0
236,2002,Fana,Konobougou,ML020601,maize,rainy_season-June_October,,,1239.0
237,2003,Fana,Konobougou,ML020601,maize,rainy_season-June_October,,,1329.0
238,2004,Fana,Konobougou,ML020601,maize,rainy_season-June_October,,,744.0
239,2005,Fana,Konobougou,ML020601,maize,rainy_season-June_October,,,1891.0
240,2006,Fana,Konobougou,ML020601,maize,rainy_season-June_October,,,1575.0
241,2007,Fana,Konobougou,ML020601,maize,rainy_season-June_October,,,1612.0
242,2008,Fana,Konobougou,ML020601,maize,rainy_season-June_October,,,1442.0
243,2009,Fana,Konobougou,ML020601,maize,rainy_season-June_October,,,1166.0
244,2010,Fana,Konobougou,ML020601,maize,rainy_season-June_October,,,1429.0
245,2011,Fana,Konobougou,ML020601,maize,rainy_season-June_October,,,1203.0
246,2012,Fana,Konobougou,ML020601,maize,rainy_season-June_October,,,1819.0
247,2013,Fana,Konobougou,ML020601,maize,rainy_season-June_October,,,1371.0
248,2014,Fana,Konobougou,ML020601,maize,rainy_season-June_October,,,1513.0
249,2015,Fana,Konobougou,ML020601,maize,rainy_season-June_October,,,1851.0
250,2016,Fana,Konobougou,ML020601,maize,rainy_season-June_October,,,1942.0
251,2017,Fana,Konobougou,ML020601,maize,rainy_season-June_October,,,2182.0
252,1990,Fana,Markacoungo,ML020424,maize,rainy_season-June_October,2310.0,1628.0,1419.0
253,1991,Fana,Markacoungo,ML020424,maize,rainy_season-June_October,3989.0,1822.0,2189.0
254,1992,Fana,Markacoungo,ML020424,maize,rainy_season-June_October,4122.0,2461.0,1675.0
255,1993,Fana,Markacoungo,ML020424,maize,rainy_season-June_October,5315.0,2877.0,1847.410497
256,1994,Fana,Markacoungo,ML020424,maize,rainy_season-June_October,6223.0,3150.0,1975.555556
257,1995,Fana,Markacoungo,ML020424,maize,rainy_season-June_October,6000.0,3251.0,1845.585974
258,1996,Fana,Markacoungo,ML020424,maize,rainy_season-June_October,8130.0,4057.0,2003.943801
259,1997,Fana,Markacoungo,ML020424,maize,rainy_season-June_October,10308.0,5323.0,1936.501973
260,1998,Fana,Markacoungo,ML020424,maize,rainy_season-June_October,9029.0,5240.0,1723.0
261,1999,Fana,Markacoungo,ML020424,maize,rainy_season-June_October,8902.0,5732.0,1553.03559
262,2000,Fana,Markacoungo,ML020424,maize,rainy_season-June_October,,,1051.0
263,2001,Fana,Markacoungo,ML020424,maize,rainy_season-June_October,,,1284.0
264,2002,Fana,Markacoungo,ML020424,maize,rainy_season-June_October,,,947.0
265,2003,Fana,Markacoungo,ML020424,maize,rainy_season-June_October,,,1427.0
266,2004,Fana,Markacoungo,ML020424,maize,rainy_season-June_October,,,1415.0
267,2005,Fana,Markacoungo,ML020424,maize,rainy_season-June_October,,,1579.0
268,2006,Fana,Markacoungo,ML020424,maize,rainy_season-June_October,,,1472.0
269,2007,Fana,Markacoungo,ML020424,maize,rainy_season-June_October,,,1354.0
270,2008,Fana,Markacoungo,ML020424,maize,rainy_season-June_October,,,1269.0
271,2009,Fana,Markacoungo,ML020424,maize,rainy_season-June_October,,,1354.0
272,2010,Fana,Markacoungo,ML020424,maize,rainy_season-June_October,,,1363.0
273,2011,Fana,Markacoungo,ML020424,maize,rainy_season-June_October,,,1268.0
274,2012,Fana,Markacoungo,ML020424,maize,rainy_season-June_October,,,1795.0
275,2013,Fana,Markacoungo,ML020424,maize,rainy_season-June_October,,,1959.0
276,2014,Fana,Markacoungo,ML020424,maize,rainy_season-June_October,,,1980.0
277,2015,Fana,Markacoungo,ML020424,maize,rainy_season-June_October,,,2035.0
278,2016,Fana,Markacoungo,ML020424,maize,rainy_season-June_October,,,1902.0
279,2017,Fana,Markacoungo,ML020424,maize,rainy_season-June_October,,,2128.0
280,1990,Fana,Massigui,ML020220,maize,rainy_season-June_October,7383.0,2819.0,2629.0
281,1991,Fana,Massigui,ML020220,maize,rainy_season-June_October,5575.0,2692.0,2071.0
282,1992,Fana,Massigui,ML020220,maize,rainy_season-June_October,5786.0,3194.0,1812.0
283,1993,Fana,Massigui,ML020220,maize,rainy_season-June_October,6111.0,3225.0,1894.883721
284,1994,Fana,Massigui,ML020220,maize,rainy_season-June_October,4820.0,3009.0,1601.861083
285,1995,Fana,Massigui,ML020220,maize,rainy_season-June_October,3580.0,2684.0,1333.830104
286,1996,Fana,Massigui,ML020220,maize,rainy_season-June_October,5508.0,3304.0,1667.070218
287,1997,Fana,Massigui,ML020220,maize,rainy_season-June_October,7672.0,4016.0,1910.358566
288,1998,Fana,Massigui,ML020220,maize,rainy_season-June_October,6946.0,4207.0,1651.0
289,1999,Fana,Massigui,ML020220,maize,rainy_season-June_October,9125.0,5170.0,1764.990329
290,2000,Fana,Massigui,ML020220,maize,rainy_season-June_October,,,1493.0
291,2001,Fana,Massigui,ML020220,maize,rainy_season-June_October,,,1245.0
292,2002,Fana,Massigui,ML020220,maize,rainy_season-June_October,,,1540.0
293,2003,Fana,Massigui,ML020220,maize,rainy_season-June_October,,,1861.0
294,2004,Fana,Massigui,ML020220,maize,rainy_season-June_October,,,2480.0
295,2005,Fana,Massigui,ML020220,maize,rainy_season-June_October,,,1586.0
296,2006,Fana,Massigui,ML020220,maize,rainy_season-June_October,,,1592.0
297,2007,Fana,Massigui,ML020220,maize,rainy_season-June_October,,,1861.0
298,2008,Fana,Massigui,ML020220,maize,rainy_season-June_October,,,1735.0
299,2009,Fana,Massigui,ML020220,maize,rainy_season-June_October,,,1713.0
300,2010,Fana,Massigui,ML020220,maize,rainy_season-June_October,,,1865.0
301,2011,Fana,Massigui,ML020220,maize,rainy_season-June_October,,,1666.0
302,2012,Fana,Massigui,ML020220,maize,rainy_season-June_October,,,1844.0
303,2013,Fana,Massigui,ML020220,maize,rainy_season-June_October,,,1822.0
304,2014,Fana,Massigui,ML020220,maize,rainy_season-June_October,,,2286.0
305,2015,Fana,Massigui,ML020220,maize,rainy_season-June_October,,,2396.0
306,2016,Fana,Massigui,ML020220,maize,rainy_season-June_October,,,2359.0
307,2017,Fana,Massigui,ML020220,maize,rainy_season-June_October,,,2666.0
308,1990,Koutiala,Bla,ML020208,maize,rainy_season-June_October,3568.0,3078.0,1159.0
309,1991,Koutiala,Bla,ML020208,maize,rainy_season-June_October,4521.0,3064.0,1476.0
310,1992,Koutiala,Bla,ML020208,maize,rainy_season-June_October,6952.0,3921.0,1773.0
311,1993,Koutiala,Bla,ML020208,maize,rainy_season-June_October,7063.0,3926.0,1799.032094
312,1994,Koutiala,Bla,ML020208,maize,rainy_season-June_October,7394.0,3906.0,1892.985151
313,1995,Koutiala,Bla,ML020208,maize,rainy_season-June_October,8486.0,5294.0,1602.946732
314,1996,Koutiala,Bla,ML020208,maize,rainy_season-June_October,10786.0,6289.0,1715.058038
315,1997,Koutiala,Bla,ML020208,maize,rainy_season-June_October,14667.0,8552.0,1715.037418
316,1998,Koutiala,Bla,ML020208,maize,rainy_season-June_October,14798.0,8947.0,1654.0
317,1999,Koutiala,Bla,ML020208,maize,rainy_season-June_October,15371.0,8242.0,1864.959961
318,2000,Koutiala,Bla,ML020208,maize,rainy_season-June_October,,,1248.0
319,2001,Koutiala,Bla,ML020208,maize,rainy_season-June_October,,,1885.0
320,2002,Koutiala,Bla,ML020208,maize,rainy_season-June_October,,,793.0
321,2003,Koutiala,Bla,ML020208,maize,rainy_season-June_October,,,793.0
322,2004,Koutiala,Bla,ML020208,maize,rainy_season-June_October,,,1551.0
323,2005,Koutiala,Bla,ML020208,maize,rainy_season-June_October,,,1979.012742
324,2006,Koutiala,Bla,ML020208,maize,rainy_season-June_October,,,2111.052185
325,2007,Koutiala,Bla,ML020208,maize,rainy_season-June_October,,,1492.0
326,2008,Koutiala,Bla,ML020208,maize,rainy_season-June_October,,,1880.0
327,2009,Koutiala,Bla,ML020208,maize,rainy_season-June_October,,,2006.0
328,2010,Koutiala,Bla,ML020208,maize,rainy_season-June_October,,,2220.0
329,2011,Koutiala,Bla,ML020208,maize,rainy_season-June_October,,,2006.0
330,2012,Koutiala,Bla,ML020208,maize,rainy_season-June_October,,,2451.0
331,2013,Koutiala,Bla,ML020208,maize,rainy_season-June_October,,,2369.966225
332,2014,Koutiala,Bla,ML020208,maize,rainy_season-June_October,,,2541.0
333,2015,Koutiala,Bla,ML020208,maize,rainy_season-June_October,,,2425.0
334,2016,Koutiala,Bla,ML020208,maize,rainy_season-June_October,,,2218.0
335,2017,Koutiala,Bla,ML020208,maize,rainy_season-June_October,,,2080.0
336,1990,Koutiala,Karangana,ML030412,maize,rainy_season-June_October,0.0,0.0,
337,1991,Koutiala,Karangana,ML030412,maize,rainy_season-June_October,0.0,0.0,
338,1992,Koutiala,Karangana,ML030412,maize,rainy_season-June_October,0.0,0.0,
339,1993,Koutiala,Karangana,ML030412,maize,rainy_season-June_October,0.0,0.0,
340,1994,Koutiala,Karangana,ML030412,maize,rainy_season-June_October,0.0,0.0,
341,1995,Koutiala,Karangana,ML030412,maize,rainy_season-June_October,0.0,0.0,
342,1996,Koutiala,Karangana,ML030412,maize,rainy_season-June_October,0.0,0.0,
343,1997,Koutiala,Karangana,ML030412,maize,rainy_season-June_October,10575.0,6060.0,1745.049505
344,1998,Koutiala,Karangana,ML030412,maize,rainy_season-June_October,13577.0,7218.0,1881.0
345,1999,Koutiala,Karangana,ML030412,maize,rainy_season-June_October,14220.0,7345.0,1936.010892
346,2000,Koutiala,Karangana,ML030412,maize,rainy_season-June_October,,,1790.063182
347,2001,Koutiala,Karangana,ML030412,maize,rainy_season-June_October,,,1725.0
348,2002,Koutiala,Karangana,ML030412,maize,rainy_season-June_October,,,1108.0
349,2003,Koutiala,Karangana,ML030412,maize,rainy_season-June_October,,,1675.0
350,2004,Koutiala,Karangana,ML030412,maize,rainy_season-June_October,,,1537.952458
351,2005,Koutiala,Karangana,ML030412,maize,rainy_season-June_October,,,1922.007255
352,2006,Koutiala,Karangana,ML030412,maize,rainy_season-June_October,,,2035.960044
353,2007,Koutiala,Karangana,ML030412,maize,rainy_season-June_October,,,1963.046045
354,2008,Koutiala,Karangana,ML030412,maize,rainy_season-June_October,,,1986.043689
355,2009,Koutiala,Karangana,ML030412,maize,rainy_season-June_October,,,1934.0
356,2010,Koutiala,Karangana,ML030412,maize,rainy_season-June_October,,,2032.0
357,2011,Koutiala,Karangana,ML030412,maize,rainy_season-June_October,,,2018.0
358,2012,Koutiala,Karangana,ML030412,maize,rainy_season-June_October,,,2128.0
359,2013,Koutiala,Karangana,ML030412,maize,rainy_season-June_October,,,2087.997245
360,2014,Koutiala,Karangana,ML030412,maize,rainy_season-June_October,,,2553.0
361,2015,Koutiala,Karangana,ML030412,maize,rainy_season-June_October,,,2441.0
362,2016,Koutiala,Karangana,ML030412,maize,rainy_season-June_October,,,2207.0
363,2017,Koutiala,Karangana,ML030412,maize,rainy_season-June_October,,,2480.0
364,1990,Koutiala,Koutiala,ML030524,maize,rainy_season-June_October,7147.0,3945.0,1807.0
365,1991,Koutiala,Koutiala,ML030524,maize,rainy_season-June_October,4815.0,3526.0,1366.0
366,1992,Koutiala,Koutiala,ML030524,maize,rainy_season-June_October,8873.0,4513.0,1966.0
367,1993,Koutiala,Koutiala,ML030524,maize,rainy_season-June_October,8368.0,4504.0,1857.904085
368,1994,Koutiala,Koutiala,ML030524,maize,rainy_season-June_October,9213.0,4980.0,1850.0
369,1995,Koutiala,Koutiala,ML030524,maize,rainy_season-June_October,9086.0,4965.0,1830.01007
370,1996,Koutiala,Koutiala,ML030524,maize,rainy_season-June_October,12223.4,6268.0,1950.127632
371,1997,Koutiala,Koutiala,ML030524,maize,rainy_season-June_October,16272.0,8453.0,1924.997042
372,1998,Koutiala,Koutiala,ML030524,maize,rainy_season-June_October,16075.0,8813.0,1824.0
373,1999,Koutiala,Koutiala,ML030524,maize,rainy_season-June_October,18787.0,9684.0,1940.004131
374,2000,Koutiala,Koutiala,ML030524,maize,rainy_season-June_October,,,1315.041697
375,2001,Koutiala,Koutiala,ML030524,maize,rainy_season-June_October,,,1911.0
376,2002,Koutiala,Koutiala,ML030524,maize,rainy_season-June_October,,,1381.0
377,2003,Koutiala,Koutiala,ML030524,maize,rainy_season-June_October,,,2252.985745
378,2004,Koutiala,Koutiala,ML030524,maize,rainy_season-June_October,,,1302.982198
379,2005,Koutiala,Koutiala,ML030524,maize,rainy_season-June_October,,,2153.026525
380,2006,Koutiala,Koutiala,ML030524,maize,rainy_season-June_October,,,2132.964578
381,2007,Koutiala,Koutiala,ML030524,maize,rainy_season-June_October,,,2054.97006
382,2008,Koutiala,Koutiala,ML030524,maize,rainy_season-June_October,,,2160.0
383,2009,Koutiala,Koutiala,ML030524,maize,rainy_season-June_October,,,2198.0
384,2010,Koutiala,Koutiala,ML030524,maize,rainy_season-June_October,,,2443.0
385,2011,Koutiala,Koutiala,ML030524,maize,rainy_season-June_October,,,1855.0
386,2012,Koutiala,Koutiala,ML030524,maize,rainy_season-June_October,,,2695.0
387,2013,Koutiala,Koutiala,ML030524,maize,rainy_season-June_October,,,2340.968123
388,2014,Koutiala,Koutiala,ML030524,maize,rainy_season-June_October,,,2763.0
389,2015,Koutiala,Koutiala,ML030524,maize,rainy_season-June_October,,,2378.0
390,2016,Koutiala,Koutiala,ML030524,maize,rainy_season-June_October,,,2336.0
391,2017,Koutiala,Koutiala,ML030524,maize,rainy_season-June_October,,,2402.0
392,1990,Koutiala,Molobala,ML030532,maize,rainy_season-June_October,4252.0,2143.0,1984.0
393,1991,Koutiala,Molobala,ML030532,maize,rainy_season-June_October,4082.0,2285.0,1786.0
394,1992,Koutiala,Molobala,ML030532,maize,rainy_season-June_October,6252.0,2747.0,2276.0
395,1993,Koutiala,Molobala,ML030532,maize,rainy_season-June_October,6833.0,3083.0,2216.347713
396,1994,Koutiala,Molobala,ML030532,maize,rainy_season-June_October,5853.0,3461.0,1691.129731
397,1995,Koutiala,Molobala,ML030532,maize,rainy_season-June_October,5250.0,3117.0,1684.311838
398,1996,Koutiala,Molobala,ML030532,maize,rainy_season-June_October,7192.0,3875.0,1856.0
399,1997,Koutiala,Molobala,ML030532,maize,rainy_season-June_October,7678.0,4498.0,1706.98088
400,1998,Koutiala,Molobala,ML030532,maize,rainy_season-June_October,8121.0,4662.0,1742.0
401,1999,Koutiala,Molobala,ML030532,maize,rainy_season-June_October,7538.0,4511.0,1671.02638
402,2000,Koutiala,Molobala,ML030532,maize,rainy_season-June_October,,,1521.052632
403,2001,Koutiala,Molobala,ML030532,maize,rainy_season-June_October,,,1863.0
404,2002,Koutiala,Molobala,ML030532,maize,rainy_season-June_October,,,1648.0
405,2003,Koutiala,Molobala,ML030532,maize,rainy_season-June_October,,,1903.037538
406,2004,Koutiala,Molobala,ML030532,maize,rainy_season-June_October,,,1945.952935
407,2005,Koutiala,Molobala,ML030532,maize,rainy_season-June_October,,,2356.959365
408,2006,Koutiala,Molobala,ML030532,maize,rainy_season-June_October,,,2212.043796
409,2007,Koutiala,Molobala,ML030532,maize,rainy_season-June_October,,,2046.038251
410,2008,Koutiala,Molobala,ML030532,maize,rainy_season-June_October,,,2128.975547
411,2009,Koutiala,Molobala,ML030532,maize,rainy_season-June_October,,,2125.0
412,2010,Koutiala,Molobala,ML030532,maize,rainy_season-June_October,,,1921.0
413,2011,Koutiala,Molobala,ML030532,maize,rainy_season-June_October,,,2196.0
414,2012,Koutiala,Molobala,ML030532,maize,rainy_season-June_October,,,2640.0
415,2013,Koutiala,Molobala,ML030532,maize,rainy_season-June_October,,,2381.987144
416,2014,Koutiala,Molobala,ML030532,maize,rainy_season-June_October,,,2454.0
417,2015,Koutiala,Molobala,ML030532,maize,rainy_season-June_October,,,2735.0
418,2016,Koutiala,Molobala,ML030532,maize,rainy_season-June_October,,,2297.0
419,2017,Koutiala,Molobala,ML030532,maize,rainy_season-June_October,,,2701.0
420,1990,Koutiala,Mpessoba,ML030422,maize,rainy_season-June_October,,,2010.0
421,1991,Koutiala,Mpessoba,ML030422,maize,rainy_season-June_October,,,1631.0
422,1992,Koutiala,Mpessoba,ML030422,maize,rainy_season-June_October,,,1577.0
423,1993,Koutiala,Mpessoba,ML030422,maize,rainy_season-June_October,,,1760.97772
424,1994,Koutiala,Mpessoba,ML030422,maize,rainy_season-June_October,,,1569.97568
425,1995,Koutiala,Mpessoba,ML030422,maize,rainy_season-June_October,,,1656.257072
426,1996,Koutiala,Mpessoba,ML030422,maize,rainy_season-June_October,,,1644.42326
427,1997,Koutiala,Mpessoba,ML030422,maize,rainy_season-June_October,,,1750.0
428,1998,Koutiala,Mpessoba,ML030422,maize,rainy_season-June_October,,,1859.0
429,1999,Koutiala,Mpessoba,ML030422,maize,rainy_season-June_October,,,1962.9683
430,2000,Koutiala,Mpessoba,ML030422,maize,rainy_season-June_October,,,1769.977595
431,2001,Koutiala,Mpessoba,ML030422,maize,rainy_season-June_October,,,1743.0
432,2002,Koutiala,Mpessoba,ML030422,maize,rainy_season-June_October,,,547.0
433,2003,Koutiala,Mpessoba,ML030422,maize,rainy_season-June_October,,,2150.049036
434,2004,Koutiala,Mpessoba,ML030422,maize,rainy_season-June_October,,,1207.028448
435,2005,Koutiala,Mpessoba,ML030422,maize,rainy_season-June_October,,,2099.976911
436,2006,Koutiala,Mpessoba,ML030422,maize,rainy_season-June_October,,,2296.974615
437,2007,Koutiala,Mpessoba,ML030422,maize,rainy_season-June_October,,,1076.060234
438,2008,Koutiala,Mpessoba,ML030422,maize,rainy_season-June_October,,,1940.958789
439,2009,Koutiala,Mpessoba,ML030422,maize,rainy_season-June_October,,,2184.0
440,2010,Koutiala,Mpessoba,ML030422,maize,rainy_season-June_October,,,2217.0
441,2011,Koutiala,Mpessoba,ML030422,maize,rainy_season-June_October,,,1627.0
442,2012,Koutiala,Mpessoba,ML030422,maize,rainy_season-June_October,,,2481.0
443,2013,Koutiala,Mpessoba,ML030422,maize,rainy_season-June_October,,,1839.03479
444,2014,Koutiala,Mpessoba,ML030422,maize,rainy_season-June_October,,,2409.0
445,2015,Koutiala,Mpessoba,ML030422,maize,rainy_season-June_October,,,2722.0
446,2016,Koutiala,Mpessoba,ML030422,maize,rainy_season-June_October,,,2450.0
447,2017,Koutiala,Mpessoba,ML030422,maize,rainy_season-June_October,,,2251.0
448,1990,Koutiala,Yorosso,ML030707,maize,rainy_season-June_October,4582.0,2383.0,1923.0
449,1991,Koutiala,Yorosso,ML030707,maize,rainy_season-June_October,5003.0,2587.0,1934.0
450,1992,Koutiala,Yorosso,ML030707,maize,rainy_season-June_October,7944.0,3460.0,2296.0
451,1993,Koutiala,Yorosso,ML030707,maize,rainy_season-June_October,7437.0,3709.0,2005.122675
452,1994,Koutiala,Yorosso,ML030707,maize,rainy_season-June_October,7180.0,4291.0,1673.269634
453,1995,Koutiala,Yorosso,ML030707,maize,rainy_season-June_October,9055.0,5053.0,1792.00475
454,1996,Koutiala,Yorosso,ML030707,maize,rainy_season-June_October,14282.0,7067.0,2020.942408
455,1997,Koutiala,Yorosso,ML030707,maize,rainy_season-June_October,6259.0,3443.0,1817.891374
456,1998,Koutiala,Yorosso,ML030707,maize,rainy_season-June_October,7112.0,3876.0,1835.0
457,1999,Koutiala,Yorosso,ML030707,maize,rainy_season-June_October,8613.0,4866.0,1770.036991
458,2000,Koutiala,Yorosso,ML030707,maize,rainy_season-June_October,,,1390.892696
459,2001,Koutiala,Yorosso,ML030707,maize,rainy_season-June_October,,,1772.0
460,2002,Koutiala,Yorosso,ML030707,maize,rainy_season-June_October,,,1075.0
461,2003,Koutiala,Yorosso,ML030707,maize,rainy_season-June_October,,,1545.971247
462,2004,Koutiala,Yorosso,ML030707,maize,rainy_season-June_October,,,1245.070942
463,2005,Koutiala,Yorosso,ML030707,maize,rainy_season-June_October,,,1619.934126
464,2006,Koutiala,Yorosso,ML030707,maize,rainy_season-June_October,,,1709.093461
465,2007,Koutiala,Yorosso,ML030707,maize,rainy_season-June_October,,,1589.970501
466,2008,Koutiala,Yorosso,ML030707,maize,rainy_season-June_October,,,1601.008557
467,2009,Koutiala,Yorosso,ML030707,maize,rainy_season-June_October,,,1854.0
468,2010,Koutiala,Yorosso,ML030707,maize,rainy_season-June_October,,,2120.0
469,2011,Koutiala,Yorosso,ML030707,maize,rainy_season-June_October,,,1665.0
470,2012,Koutiala,Yorosso,ML030707,maize,rainy_season-June_October,,,2113.0
471,2013,Koutiala,Yorosso,ML030707,maize,rainy_season-June_October,,,1784.004128
472,2014,Koutiala,Yorosso,ML030707,maize,rainy_season-June_October,,,2243.0
473,2015,Koutiala,Yorosso,ML030707,maize,rainy_season-June_October,,,2131.0
474,2016,Koutiala,Yorosso,ML030707,maize,rainy_season-June_October,,,2147.0
475,2017,Koutiala,Yorosso,ML030707,maize,rainy_season-June_October,,,2194.0
476,1990,Koutiala,Zebala,ML030406,maize,rainy_season-June_October,4271.0,2539.0,1674.0
477,1991,Koutiala,Zebala,ML030406,maize,rainy_season-June_October,2679.0,2430.0,1102.0
478,1992,Koutiala,Zebala,ML030406,maize,rainy_season-June_October,4508.0,2585.0,1744.0
479,1993,Koutiala,Zebala,ML030406,maize,rainy_season-June_October,5237.0,3045.0,1719.868637
480,1994,Koutiala,Zebala,ML030406,maize,rainy_season-June_October,6323.0,3114.0,2030.507386
481,1995,Koutiala,Zebala,ML030406,maize,rainy_season-June_October,5430.0,2858.0,1899.930021
482,1996,Koutiala,Zebala,ML030406,maize,rainy_season-June_October,5593.0,3263.0,1714.06681
483,1997,Koutiala,Zebala,ML030406,maize,rainy_season-June_October,7422.0,4027.0,1843.059349
484,1998,Koutiala,Zebala,ML030406,maize,rainy_season-June_October,7526.0,4044.0,1861.0
485,1999,Koutiala,Zebala,ML030406,maize,rainy_season-June_October,10059.0,5148.0,1953.962704
486,2000,Koutiala,Zebala,ML030406,maize,rainy_season-June_October,,,1431.936524
487,2001,Koutiala,Zebala,ML030406,maize,rainy_season-June_October,,,1758.0
488,2002,Koutiala,Zebala,ML030406,maize,rainy_season-June_October,,,1167.0
489,2003,Koutiala,Zebala,ML030406,maize,rainy_season-June_October,,,2388.987252
490,2004,Koutiala,Zebala,ML030406,maize,rainy_season-June_October,,,1845.904474
491,2005,Koutiala,Zebala,ML030406,maize,rainy_season-June_October,,,2323.085125
492,2006,Koutiala,Zebala,ML030406,maize,rainy_season-June_October,,,2454.958895
493,2007,Koutiala,Zebala,ML030406,maize,rainy_season-June_October,,,2260.088889
494,2008,Koutiala,Zebala,ML030406,maize,rainy_season-June_October,,,2507.885305
495,2009,Koutiala,Zebala,ML030406,maize,rainy_season-June_October,,,2714.0
496,2010,Koutiala,Zebala,ML030406,maize,rainy_season-June_October,,,2588.0
497,2011,Koutiala,Zebala,ML030406,maize,rainy_season-June_October,,,2230.0
498,2012,Koutiala,Zebala,ML030406,maize,rainy_season-June_October,,,2337.0
499,2013,Koutiala,Zebala,ML030406,maize,rainy_season-June_October,,,1819.942064
500,2014,Koutiala,Zebala,ML030406,maize,rainy_season-June_October,,,2701.0
501,2015,Koutiala,Zebala,ML030406,maize,rainy_season-June_October,,,2783.903681
502,2016,Koutiala,Zebala,ML030406,maize,rainy_season-June_October,,,2461.0
503,2017,Koutiala,Zebala,ML030406,maize,rainy_season-June_October,,,2304.0
504,1990,San,Fangasso,ML040711,maize,rainy_season-June_October,0.0,0.0,
505,1991,San,Fangasso,ML040711,maize,rainy_season-June_October,0.0,0.0,
506,1992,San,Fangasso,ML040711,maize,rainy_season-June_October,0.0,0.0,
507,1993,San,Fangasso,ML040711,maize,rainy_season-June_October,0.0,0.0,
508,1994,San,Fangasso,ML040711,maize,rainy_season-June_October,0.0,0.0,
509,1995,San,Fangasso,ML040711,maize,rainy_season-June_October,0.0,0.0,
510,1996,San,Fangasso,ML040711,maize,rainy_season-June_October,0.0,0.0,
511,1997,San,Fangasso,ML040711,maize,rainy_season-June_October,7.0,18.0,388.8888889
512,1998,San,Fangasso,ML040711,maize,rainy_season-June_October,24.0,24.0,1000.0
513,1999,San,Fangasso,ML040711,maize,rainy_season-June_October,37.0,38.0,973.6842105
514,2000,San,Fangasso,ML040711,maize,rainy_season-June_October,,,
515,2001,San,Fangasso,ML040711,maize,rainy_season-June_October,,,
516,2002,San,Fangasso,ML040711,maize,rainy_season-June_October,,,
517,2003,San,Fangasso,ML040711,maize,rainy_season-June_October,,,
518,2004,San,Fangasso,ML040711,maize,rainy_season-June_October,,,
519,2005,San,Fangasso,ML040711,maize,rainy_season-June_October,,,
520,2006,San,Fangasso,ML040711,maize,rainy_season-June_October,,,
521,2007,San,Fangasso,ML040711,maize,rainy_season-June_October,,,
522,2008,San,Fangasso,ML040711,maize,rainy_season-June_October,,,
523,2009,San,Fangasso,ML040711,maize,rainy_season-June_October,,,
524,2010,San,Fangasso,ML040711,maize,rainy_season-June_October,,,
525,2011,San,Fangasso,ML040711,maize,rainy_season-June_October,,,
526,2012,San,Fangasso,ML040711,maize,rainy_season-June_October,,,
527,2013,San,Fangasso,ML040711,maize,rainy_season-June_October,,,
528,2014,San,Fangasso,ML040711,maize,rainy_season-June_October,,,
529,2015,San,Fangasso,ML040711,maize,rainy_season-June_October,,,
530,2016,San,Fangasso,ML040711,maize,rainy_season-June_October,,,
531,2017,San,Fangasso,ML040711,maize,rainy_season-June_October,,,
532,1990,San,Kimparana,ML040503,maize,rainy_season-June_October,1261.0,1280.0,985.0
533,1991,San,Kimparana,ML040503,maize,rainy_season-June_October,2343.0,1445.0,1621.0
534,1992,San,Kimparana,ML040503,maize,rainy_season-June_October,2196.0,1488.0,1476.0
535,1993,San,Kimparana,ML040503,maize,rainy_season-June_October,2451.0,1511.0,1622.104567
536,1994,San,Kimparana,ML040503,maize,rainy_season-June_October,2485.0,1650.0,1506.060606
537,1995,San,Kimparana,ML040503,maize,rainy_season-June_October,1246.0,1296.0,961.4197531
538,1996,San,Kimparana,ML040503,maize,rainy_season-June_October,2940.0,1746.0,1683.848797
539,1997,San,Kimparana,ML040503,maize,rainy_season-June_October,3131.0,2274.0,1376.868953
540,1998,San,Kimparana,ML040503,maize,rainy_season-June_October,3209.0,2217.0,1447.0
541,1999,San,Kimparana,ML040503,maize,rainy_season-June_October,5638.0,3122.0,1805.893658
542,2000,San,Kimparana,ML040503,maize,rainy_season-June_October,,,1248.062237
543,2001,San,Kimparana,ML040503,maize,rainy_season-June_October,,,1620.708646
544,2002,San,Kimparana,ML040503,maize,rainy_season-June_October,,,923.7264689
545,2003,San,Kimparana,ML040503,maize,rainy_season-June_October,,,923.7264689
546,2004,San,Kimparana,ML040503,maize,rainy_season-June_October,,,1293.169918
547,2005,San,Kimparana,ML040503,maize,rainy_season-June_October,,,1794.254208
548,2006,San,Kimparana,ML040503,maize,rainy_season-June_October,,,1676.009774
549,2007,San,Kimparana,ML040503,maize,rainy_season-June_October,,,1874.01504
550,2008,San,Kimparana,ML040503,maize,rainy_season-June_October,,,1859.492206
551,2009,San,Kimparana,ML040503,maize,rainy_season-June_October,,,1969.833363
552,2010,San,Kimparana,ML040503,maize,rainy_season-June_October,,,2246.0
553,2011,San,Kimparana,ML040503,maize,rainy_season-June_October,,,2137.0
554,2012,San,Kimparana,ML040503,maize,rainy_season-June_October,,,2396.0
555,2013,San,Kimparana,ML040503,maize,rainy_season-June_October,,,2328.993133
556,2014,San,Kimparana,ML040503,maize,rainy_season-June_October,,,2531.0
557,2015,San,Kimparana,ML040503,maize,rainy_season-June_October,,,2624.0
558,2016,San,Kimparana,ML040503,maize,rainy_season-June_October,,,2388.0
559,2017,San,Kimparana,ML040503,maize,rainy_season-June_October,,,2386.0
560,1990,San,San,ML040711,maize,rainy_season-June_October,141.0,218.0,648.0
561,1991,San,San,ML040711,maize,rainy_season-June_October,567.0,542.0,1046.0
562,1992,San,San,ML040711,maize,rainy_season-June_October,498.0,553.0,901.0
563,1993,San,San,ML040711,maize,rainy_season-June_October,634.0,596.0,1063.758389
564,1994,San,San,ML040711,maize,rainy_season-June_October,756.0,612.0,1235.294118
565,1995,San,San,ML040711,maize,rainy_season-June_October,631.0,664.0,950.3012048
566,1996,San,San,ML040711,maize,rainy_season-June_October,1124.0,836.0,1344.497608
567,1997,San,San,ML040711,maize,rainy_season-June_October,1236.0,965.0,1280.829016
568,1998,San,San,ML040711,maize,rainy_season-June_October,1537.0,1018.0,1510.0
569,1999,San,San,ML040711,maize,rainy_season-June_October,1459.0,1117.0,1306.177261
570,2000,San,San,ML040711,maize,rainy_season-June_October,,,
571,2001,San,San,ML040711,maize,rainy_season-June_October,,,
572,2002,San,San,ML040711,maize,rainy_season-June_October,,,
573,2003,San,San,ML040711,maize,rainy_season-June_October,,,
574,2004,San,San,ML040711,maize,rainy_season-June_October,,,
575,2005,San,San,ML040711,maize,rainy_season-June_October,,,
576,2006,San,San,ML040711,maize,rainy_season-June_October,,,
577,2007,San,San,ML040711,maize,rainy_season-June_October,,,
578,2008,San,San,ML040711,maize,rainy_season-June_October,,,
579,2009,San,San,ML040711,maize,rainy_season-June_October,,,
580,2010,San,San,ML040711,maize,rainy_season-June_October,,,
581,2011,San,San,ML040711,maize,rainy_season-June_October,,,
582,2012,San,San,ML040711,maize,rainy_season-June_October,,,
583,2013,San,San,ML040711,maize,rainy_season-June_October,,,
584,2014,San,San,ML040711,maize,rainy_season-June_October,,,
585,2015,San,San,ML040711,maize,rainy_season-June_October,,,
586,2016,San,San,ML040711,maize,rainy_season-June_October,,,
587,2017,San,San,ML040711,maize,rainy_season-June_October,,,
588,1990,San,Tominian,ML040711,maize,rainy_season-June_October,69.0,111.0,625.0
589,1991,San,Tominian,ML040711,maize,rainy_season-June_October,182.0,112.0,1625.0
590,1992,San,Tominian,ML040711,maize,rainy_season-June_October,283.0,247.0,1146.0
591,1993,San,Tominian,ML040711,maize,rainy_season-June_October,168.0,199.0,844.2211055
592,1994,San,Tominian,ML040711,maize,rainy_season-June_October,388.0,250.0,1552.0
593,1995,San,Tominian,ML040711,maize,rainy_season-June_October,223.0,293.0,761.0921502
594,1996,San,Tominian,ML040711,maize,rainy_season-June_October,528.0,386.0,1367.875648
595,1997,San,Tominian,ML040711,maize,rainy_season-June_October,883.0,497.0,1776.65996
596,1998,San,Tominian,ML040711,maize,rainy_season-June_October,1005.0,713.0,1410.0
597,1999,San,Tominian,ML040711,maize,rainy_season-June_October,1301.0,793.0,1640.605296
598,2000,San,Tominian,ML040711,maize,rainy_season-June_October,,,
599,2001,San,Tominian,ML040711,maize,rainy_season-June_October,,,
600,2002,San,Tominian,ML040711,maize,rainy_season-June_October,,,
601,2003,San,Tominian,ML040711,maize,rainy_season-June_October,,,
602,2004,San,Tominian,ML040711,maize,rainy_season-June_October,,,
603,2005,San,Tominian,ML040711,maize,rainy_season-June_October,,,
604,2006,San,Tominian,ML040711,maize,rainy_season-June_October,,,
605,2007,San,Tominian,ML040711,maize,rainy_season-June_October,,,
606,2008,San,Tominian,ML040711,maize,rainy_season-June_October,,,
607,2009,San,Tominian,ML040711,maize,rainy_season-June_October,,,
608,2010,San,Tominian,ML040711,maize,rainy_season-June_October,,,
609,2011,San,Tominian,ML040711,maize,rainy_season-June_October,,,
610,2012,San,Tominian,ML040711,maize,rainy_season-June_October,,,
611,2013,San,Tominian,ML040711,maize,rainy_season-June_October,,,
612,2014,San,Tominian,ML040711,maize,rainy_season-June_October,,,
613,2015,San,Tominian,ML040711,maize,rainy_season-June_October,,,
614,2016,San,Tominian,ML040711,maize,rainy_season-June_October,,,
615,2017,San,Tominian,ML040711,maize,rainy_season-June_October,,,
616,1990,San,Yangasso,ML030421,maize,rainy_season-June_October,709.0,708.0,1002.0
617,1991,San,Yangasso,ML030421,maize,rainy_season-June_October,1417.0,895.0,1583.0
618,1992,San,Yangasso,ML030421,maize,rainy_season-June_October,1086.0,992.0,1095.0
619,1993,San,Yangasso,ML030421,maize,rainy_season-June_October,1856.0,1307.0,1420.045907
620,1994,San,Yangasso,ML030421,maize,rainy_season-June_October,2483.0,1663.0,1493.084787
621,1995,San,Yangasso,ML030421,maize,rainy_season-June_October,2065.0,1820.0,1134.615385
622,1996,San,Yangasso,ML030421,maize,rainy_season-June_October,2473.0,1847.0,1338.927991
623,1997,San,Yangasso,ML030421,maize,rainy_season-June_October,3725.0,2441.0,1526.013929
624,1998,San,Yangasso,ML030421,maize,rainy_season-June_October,2706.0,2311.0,1171.0
625,1999,San,Yangasso,ML030421,maize,rainy_season-June_October,4616.0,2426.5,1901.936547
626,2000,San,Yangasso,ML030421,maize,rainy_season-June_October,,,1247.998575
627,2001,San,Yangasso,ML030421,maize,rainy_season-June_October,,,1912.0
628,2002,San,Yangasso,ML030421,maize,rainy_season-June_October,,,736.0
629,2003,San,Yangasso,ML030421,maize,rainy_season-June_October,,,736.0
630,2004,San,Yangasso,ML030421,maize,rainy_season-June_October,,,1405.0
631,2005,San,Yangasso,ML030421,maize,rainy_season-June_October,,,1881.054292
632,2006,San,Yangasso,ML030421,maize,rainy_season-June_October,,,1647.086689
633,2007,San,Yangasso,ML030421,maize,rainy_season-June_October,,,1765.0
634,2008,San,Yangasso,ML030421,maize,rainy_season-June_October,,,1852.0
635,2009,San,Yangasso,ML030421,maize,rainy_season-June_October,,,2236.0
636,2010,San,Yangasso,ML030421,maize,rainy_season-June_October,,,2136.0
637,2011,San,Yangasso,ML030421,maize,rainy_season-June_October,,,2032.0
638,2012,San,Yangasso,ML030421,maize,rainy_season-June_October,,,2584.0
639,2013,San,Yangasso,ML030421,maize,rainy_season-June_October,,,2251.015491
640,2014,San,Yangasso,ML030421,maize,rainy_season-June_October,,,2844.0
641,2015,San,Yangasso,ML030421,maize,rainy_season-June_October,,,2925.0
642,2016,San,Yangasso,ML030421,maize,rainy_season-June_October,,,2685.0
643,2017,San,Yangasso,ML030421,maize,rainy_season-June_October,,,2349.0
644,1990,Sikasso,Kadiolo,ML030201,maize,rainy_season-June_October,7800.0,4110.0,1898.0
645,1991,Sikasso,Kadiolo,ML030201,maize,rainy_season-June_October,14453.0,5216.0,2771.0
646,1992,Sikasso,Kadiolo,ML030201,maize,rainy_season-June_October,12680.0,6324.0,2005.0
647,1993,Sikasso,Kadiolo,ML030201,maize,rainy_season-June_October,12141.0,7075.0,1716.042403
648,1994,Sikasso,Kadiolo,ML030201,maize,rainy_season-June_October,17820.0,8486.0,2100.053032
649,1995,Sikasso,Kadiolo,ML030201,maize,rainy_season-June_October,18415.0,9450.0,1948.677249
650,1996,Sikasso,Kadiolo,ML030201,maize,rainy_season-June_October,19547.1,10601.0,1843.892086
651,1997,Sikasso,Kadiolo,ML030201,maize,rainy_season-June_October,28951.4,12325.0,2348.997972
652,1998,Sikasso,Kadiolo,ML030201,maize,rainy_season-June_October,26175.0,14280.0,1833.0
653,1999,Sikasso,Kadiolo,ML030201,maize,rainy_season-June_October,30380.0,15228.0,1995.009194
654,2000,Sikasso,Kadiolo,ML030201,maize,rainy_season-June_October,,,
655,2001,Sikasso,Kadiolo,ML030201,maize,rainy_season-June_October,,,
656,2002,Sikasso,Kadiolo,ML030201,maize,rainy_season-June_October,,,1806.0
657,2003,Sikasso,Kadiolo,ML030201,maize,rainy_season-June_October,,,2226.992275
658,2004,Sikasso,Kadiolo,ML030201,maize,rainy_season-June_October,,,1748.453337
659,2005,Sikasso,Kadiolo,ML030201,maize,rainy_season-June_October,,,1900.008264
660,2006,Sikasso,Kadiolo,ML030201,maize,rainy_season-June_October,,,2154.813391
661,2007,Sikasso,Kadiolo,ML030201,maize,rainy_season-June_October,,,1985.351425
662,2008,Sikasso,Kadiolo,ML030201,maize,rainy_season-June_October,,,1984.97556
663,2009,Sikasso,Kadiolo,ML030201,maize,rainy_season-June_October,,,2361.166625
664,2010,Sikasso,Kadiolo,ML030201,maize,rainy_season-June_October,,,2571.654822
665,2011,Sikasso,Kadiolo,ML030201,maize,rainy_season-June_October,,,2563.772512
666,2012,Sikasso,Kadiolo,ML030201,maize,rainy_season-June_October,,,2672.255291
667,2013,Sikasso,Kadiolo,ML030201,maize,rainy_season-June_October,,,2474.382986
668,2014,Sikasso,Kadiolo,ML030201,maize,rainy_season-June_October,,,2641.90337
669,2015,Sikasso,Kadiolo,ML030201,maize,rainy_season-June_October,,,2750.116279
670,2016,Sikasso,Kadiolo,ML030201,maize,rainy_season-June_October,,,2754.921429
671,2017,Sikasso,Kadiolo,ML030201,maize,rainy_season-June_October,,,2295.166667
672,1990,Sikasso,Kignan,ML030524,maize,rainy_season-June_October,7510.0,3558.0,2111.0
673,1991,Sikasso,Kignan,ML030524,maize,rainy_season-June_October,12278.0,5176.0,2372.0
674,1992,Sikasso,Kignan,ML030524,maize,rainy_season-June_October,13584.0,5722.0,2374.0
675,1993,Sikasso,Kignan,ML030524,maize,rainy_season-June_October,16286.0,6148.0,2648.991542
676,1994,Sikasso,Kignan,ML030524,maize,rainy_season-June_October,13543.0,7113.0,1903.978631
677,1995,Sikasso,Kignan,ML030524,maize,rainy_season-June_October,14782.0,6725.0,2198.066914
678,1996,Sikasso,Kignan,ML030524,maize,rainy_season-June_October,17901.0,7935.0,2255.954631
679,1997,Sikasso,Kignan,ML030524,maize,rainy_season-June_October,20593.1,9352.0,2201.999572
680,1998,Sikasso,Kignan,ML030524,maize,rainy_season-June_October,20914.0,9493.0,2203.0
681,1999,Sikasso,Kignan,ML030524,maize,rainy_season-June_October,24879.0,10101.0,2463.023463
682,2000,Sikasso,Kignan,ML030524,maize,rainy_season-June_October,,,
683,2001,Sikasso,Kignan,ML030524,maize,rainy_season-June_October,,,
684,2002,Sikasso,Kignan,ML030524,maize,rainy_season-June_October,,,1637.0
685,2003,Sikasso,Kignan,ML030524,maize,rainy_season-June_October,,,2340.989971
686,2004,Sikasso,Kignan,ML030524,maize,rainy_season-June_October,,,2138.309835
687,2005,Sikasso,Kignan,ML030524,maize,rainy_season-June_October,,,1949.00711
688,2006,Sikasso,Kignan,ML030524,maize,rainy_season-June_October,,,2296.303598
689,2007,Sikasso,Kignan,ML030524,maize,rainy_season-June_October,,,1980.108286
690,2008,Sikasso,Kignan,ML030524,maize,rainy_season-June_October,,,2034.199325
691,2009,Sikasso,Kignan,ML030524,maize,rainy_season-June_October,,,2216.470827
692,2010,Sikasso,Kignan,ML030524,maize,rainy_season-June_October,,,2262.81
693,2011,Sikasso,Kignan,ML030524,maize,rainy_season-June_October,,,2155.622133
694,2012,Sikasso,Kignan,ML030524,maize,rainy_season-June_October,,,1855.523627
695,2013,Sikasso,Kignan,ML030524,maize,rainy_season-June_October,,,2123.497268
696,2014,Sikasso,Kignan,ML030524,maize,rainy_season-June_October,,,2585.306122
697,2015,Sikasso,Kignan,ML030524,maize,rainy_season-June_October,,,2604.366197
698,2016,Sikasso,Kignan,ML030524,maize,rainy_season-June_October,,,2674.439024
699,2017,Sikasso,Kignan,ML030524,maize,rainy_season-June_October,,,2143.589744
700,1990,Sikasso,Klela,ML030532,maize,rainy_season-June_October,8335.0,2798.0,2979.0
701,1991,Sikasso,Klela,ML030532,maize,rainy_season-June_October,10353.0,3329.0,3110.0
702,1992,Sikasso,Klela,ML030532,maize,rainy_season-June_October,12754.0,4191.0,3043.0
703,1993,Sikasso,Klela,ML030532,maize,rainy_season-June_October,15467.0,5393.0,2867.977007
704,1994,Sikasso,Klela,ML030532,maize,rainy_season-June_October,18669.0,7006.0,2664.715958
705,1995,Sikasso,Klela,ML030532,maize,rainy_season-June_October,19186.0,6914.0,2774.949378
706,1996,Sikasso,Klela,ML030532,maize,rainy_season-June_October,25333.0,8751.0,2895.034569
707,1997,Sikasso,Klela,ML030532,maize,rainy_season-June_October,26202.9,9694.0,2703.001857
708,1998,Sikasso,Klela,ML030532,maize,rainy_season-June_October,24537.0,9312.0,2635.0
709,1999,Sikasso,Klela,ML030532,maize,rainy_season-June_October,23755.0,9808.0,2422.002447
710,2000,Sikasso,Klela,ML030532,maize,rainy_season-June_October,,,
711,2001,Sikasso,Klela,ML030532,maize,rainy_season-June_October,,,
712,2002,Sikasso,Klela,ML030532,maize,rainy_season-June_October,,,2383.0
713,2003,Sikasso,Klela,ML030532,maize,rainy_season-June_October,,,2598.053014
714,2004,Sikasso,Klela,ML030532,maize,rainy_season-June_October,,,2367.411467
715,2005,Sikasso,Klela,ML030532,maize,rainy_season-June_October,,,2020.021299
716,2006,Sikasso,Klela,ML030532,maize,rainy_season-June_October,,,2439.060516
717,2007,Sikasso,Klela,ML030532,maize,rainy_season-June_October,,,2574.080772
718,2008,Sikasso,Klela,ML030532,maize,rainy_season-June_October,,,2093.370251
719,2009,Sikasso,Klela,ML030532,maize,rainy_season-June_October,,,2295.498315
720,2010,Sikasso,Klela,ML030532,maize,rainy_season-June_October,,,2548.5
721,2011,Sikasso,Klela,ML030532,maize,rainy_season-June_October,,,2236.398964
722,2012,Sikasso,Klela,ML030532,maize,rainy_season-June_October,,,2948.414787
723,2013,Sikasso,Klela,ML030532,maize,rainy_season-June_October,,,2174.24812
724,2014,Sikasso,Klela,ML030532,maize,rainy_season-June_October,,,2932.729258
725,2015,Sikasso,Klela,ML030532,maize,rainy_season-June_October,,,2951.583333
726,2016,Sikasso,Klela,ML030532,maize,rainy_season-June_October,,,2957.521008
727,2017,Sikasso,Klela,ML030532,maize,rainy_season-June_October,,,2343.835616
728,1990,Sikasso,Niena,ML020220,maize,rainy_season-June_October,19167.0,8519.0,2250.0
729,1991,Sikasso,Niena,ML020220,maize,rainy_season-June_October,21173.0,8765.0,2416.0
730,1992,Sikasso,Niena,ML020220,maize,rainy_season-June_October,21512.0,8882.0,2422.0
731,1993,Sikasso,Niena,ML020220,maize,rainy_season-June_October,21023.0,9992.0,2103.983187
732,1994,Sikasso,Niena,ML020220,maize,rainy_season-June_October,22872.0,10307.0,2218.966772
733,1995,Sikasso,Niena,ML020220,maize,rainy_season-June_October,22941.0,10735.0,2137.028412
734,1996,Sikasso,Niena,ML020220,maize,rainy_season-June_October,25036.0,11349.0,2206.00934
735,1997,Sikasso,Niena,ML020220,maize,rainy_season-June_October,27987.8,12384.0,2259.99677
736,1998,Sikasso,Niena,ML020220,maize,rainy_season-June_October,24420.0,12440.0,1963.0
737,1999,Sikasso,Niena,ML020220,maize,rainy_season-June_October,36733.0,14031.0,2617.988739
738,2000,Sikasso,Niena,ML020220,maize,rainy_season-June_October,,,
739,2001,Sikasso,Niena,ML020220,maize,rainy_season-June_October,,,
740,2002,Sikasso,Niena,ML020220,maize,rainy_season-June_October,,,1760.0
741,2003,Sikasso,Niena,ML020220,maize,rainy_season-June_October,,,2182.98636
742,2004,Sikasso,Niena,ML020220,maize,rainy_season-June_October,,,1997.291604
743,2005,Sikasso,Niena,ML020220,maize,rainy_season-June_October,,,1800.012558
744,2006,Sikasso,Niena,ML020220,maize,rainy_season-June_October,,,2353.716952
745,2007,Sikasso,Niena,ML020220,maize,rainy_season-June_October,,,1726.226576
746,2008,Sikasso,Niena,ML020220,maize,rainy_season-June_October,,,1675.367822
747,2009,Sikasso,Niena,ML020220,maize,rainy_season-June_October,,,2261.506276
748,2010,Sikasso,Niena,ML020220,maize,rainy_season-June_October,,,1977.454545
749,2011,Sikasso,Niena,ML020220,maize,rainy_season-June_October,,,1906.524064
750,2012,Sikasso,Niena,ML020220,maize,rainy_season-June_October,,,2248.274534
751,2013,Sikasso,Niena,ML020220,maize,rainy_season-June_October,,,2377.678153
752,2014,Sikasso,Niena,ML020220,maize,rainy_season-June_October,,,2535.678571
753,2015,Sikasso,Niena,ML020220,maize,rainy_season-June_October,,,2734.216749
754,2016,Sikasso,Niena,ML020220,maize,rainy_season-June_October,,,2739.9
755,2017,Sikasso,Niena,ML020220,maize,rainy_season-June_October,,,2306.655367
756,1990,Sikasso,Sikasso,ML030532,maize,rainy_season-June_October,13374.0,5299.0,2524.0
757,1991,Sikasso,Sikasso,ML030532,maize,rainy_season-June_October,15815.0,6069.0,2606.0
758,1992,Sikasso,Sikasso,ML030532,maize,rainy_season-June_October,16873.0,6803.0,2480.0
759,1993,Sikasso,Sikasso,ML030532,maize,rainy_season-June_October,13383.0,6790.0,1970.986745
760,1994,Sikasso,Sikasso,ML030532,maize,rainy_season-June_October,15131.0,7508.0,2015.316995
761,1995,Sikasso,Sikasso,ML030532,maize,rainy_season-June_October,19981.0,8952.0,2232.015192
762,1996,Sikasso,Sikasso,ML030532,maize,rainy_season-June_October,25247.0,11216.0,2250.980742
763,1997,Sikasso,Sikasso,ML030532,maize,rainy_season-June_October,34686.9,13897.0,2495.999137
764,1998,Sikasso,Sikasso,ML030532,maize,rainy_season-June_October,36364.0,15776.0,2305.0
765,1999,Sikasso,Sikasso,ML030532,maize,rainy_season-June_October,39988.0,17439.0,2293.021389
766,2000,Sikasso,Sikasso,ML030532,maize,rainy_season-June_October,,,
767,2001,Sikasso,Sikasso,ML030532,maize,rainy_season-June_October,,,
768,2002,Sikasso,Sikasso,ML030532,maize,rainy_season-June_October,,,2270.0
769,2003,Sikasso,Sikasso,ML030532,maize,rainy_season-June_October,,,2540.973029
770,2004,Sikasso,Sikasso,ML030532,maize,rainy_season-June_October,,,2425.938804
771,2005,Sikasso,Sikasso,ML030532,maize,rainy_season-June_October,,,2388.003695
772,2006,Sikasso,Sikasso,ML030532,maize,rainy_season-June_October,,,2394.261545
773,2007,Sikasso,Sikasso,ML030532,maize,rainy_season-June_October,,,2310.915807
774,2008,Sikasso,Sikasso,ML030532,maize,rainy_season-June_October,,,2345.753507
775,2009,Sikasso,Sikasso,ML030532,maize,rainy_season-June_October,,,2531.59472
776,2010,Sikasso,Sikasso,ML030532,maize,rainy_season-June_October,,,2677.351129
777,2011,Sikasso,Sikasso,ML030532,maize,rainy_season-June_October,,,2221.376812
778,2012,Sikasso,Sikasso,ML030532,maize,rainy_season-June_October,,,2547.929422
779,2013,Sikasso,Sikasso,ML030532,maize,rainy_season-June_October,,,2406.726343
780,2014,Sikasso,Sikasso,ML030532,maize,rainy_season-June_October,,,2495.156522
781,2015,Sikasso,Sikasso,ML030532,maize,rainy_season-June_October,,,2514.635258
782,2016,Sikasso,Sikasso,ML030532,maize,rainy_season-June_October,,,2675.2875
783,2017,Sikasso,Sikasso,ML030532,maize,rainy_season-June_October,,,2031.383627
